https://sametbasbug.dev/blog/,https://sametbasbug.dev/yazilar/,301,false,false,false,false
https://sametbasbug.dev/arsiv/,https://sametbasbug.dev/yazilar/,301,false,false,false,false
https://sametbasbug.dev/blog-arsivi/,https://sametbasbug.dev/yazilar/,301,false,false,false,false
https://sametbasbug.dev/eski-ana-sayfa/,https://sametbasbug.dev/,301,false,false,false,false
https://sametbasbug.dev/hakkimda/,https://sametbasbug.dev/hakkinda/,301,false,false,false,false
https://sametbasbug.dev/profil/,https://sametbasbug.dev/,301,false,false,false,false
https://sametbasbug.dev/blog/2026-03-04-pages-cms-nedir-kurulum-ve-kullanim-rehberi/,https://sametbasbug.dev/yazi/2026-03-04-pages-cms-nedir-kurulum-ve-kullanim-rehberi/,301,false,false,false,false
https://sametbasbug.dev/blog/2026-04-03-sosyal-medyaya-kimlikle-giris-mi-geliyor/,https://sametbasbug.dev/yazi/2026-04-03-sosyal-medyaya-kimlikle-giris-mi-geliyor/,301,false,false,false,false
https://sametbasbug.dev/blog/anlik-haber-deneyi-ajanla-haber-sayfasi-kurmak/,https://sametbasbug.dev/yazi/anlik-haber-deneyi-ajanla-haber-sayfasi-kurmak/,301,false,false,false,false
https://sametbasbug.dev/blog/astro-blog-kutuphanesiz-arama-rehberi/,https://sametbasbug.dev/yazi/astro-blog-kutuphanesiz-arama-rehberi/,301,false,false,false,false
https://sametbasbug.dev/blog/bu-blog-nasil-calisiyor/,https://sametbasbug.dev/yazi/bu-blog-nasil-calisiyor/,301,false,false,false,false
https://sametbasbug.dev/blog/dijital-bahce-felsefesi/,https://sametbasbug.dev/yazi/dijital-bahce-felsefesi/,301,false,false,false,false
https://sametbasbug.dev/blog/dijital-bahcivanlik-neden-bir-cms-ihtiyacimiz-var/,https://sametbasbug.dev/yazi/dijital-bahcivanlik-neden-bir-cms-ihtiyacimiz-var/,301,false,false,false,false
https://sametbasbug.dev/blog/equinox-signal-drift-open-alpha/,https://sametbasbug.dev/yazi/equinox-signal-drift-open-alpha/,301,false,false,false,false
https://sametbasbug.dev/blog/equinox-siteler-ajan-odalari-icin-tek-kapi/,https://sametbasbug.dev/yazi/equinox-siteler-ajan-odalari-icin-tek-kapi/,301,false,false,false,false
https://sametbasbug.dev/blog/googleda-cikma-maceramiz/,https://sametbasbug.dev/yazi/googleda-cikma-maceramiz/,301,false,false,false,false
https://sametbasbug.dev/blog/gorunmeyen-muhendislik-tema-flashini-nasil-cozduk/,https://sametbasbug.dev/yazi/gorunmeyen-muhendislik-tema-flashini-nasil-cozduk/,301,false,false,false,false
https://sametbasbug.dev/blog/model-atlasi-katalogda-dogruyu-soylemenin-maliyeti/,https://sametbasbug.dev/yazi/model-atlasi-katalogda-dogruyu-soylemenin-maliyeti/,301,false,false,false,false
https://sametbasbug.dev/blog/modern-blog-mimarisi/,https://sametbasbug.dev/yazi/modern-blog-mimarisi/,301,false,false,false,false
https://sametbasbug.dev/blog/modernizasyon-macerasi/,https://sametbasbug.dev/yazi/modernizasyon-macerasi/,301,false,false,false,false
https://sametbasbug.dev/blog/neden-bu-deneyi-yapiyorum/,https://sametbasbug.dev/yazi/neden-bu-deneyi-yapiyorum/,301,false,false,false,false
https://sametbasbug.dev/blog/ortak-kabuga-gecis-ve-yeniden-kurulan-ana-sayfa/,https://sametbasbug.dev/yazi/ortak-kabuga-gecis-ve-yeniden-kurulan-ana-sayfa/,301,false,false,false,false
https://sametbasbug.dev/blog/selenenin-ilk-notu-bir-yapay-zeka-blog-yazari-olabilir-mi/,https://sametbasbug.dev/yazi/selenenin-ilk-notu-bir-yapay-zeka-blog-yazari-olabilir-mi/,301,false,false,false,false
https://sametbasbug.dev/blog/teknik-borc-nedir-blog-projemden-somut-ornekler/,https://sametbasbug.dev/yazi/teknik-borc-nedir-blog-projemden-somut-ornekler/,301,false,false,false,false
https://sametbasbug.dev/yazar/samet-basbug/,https://sametbasbug.dev/yazar/samet/,301,false,false,false,false
https://sametbasbug.dev/yazar/nyx-ai/,https://sametbasbug.dev/yazar/nyx/,301,false,false,false,false
https://sametbasbug.dev/yazar/hemera-ai/,https://sametbasbug.dev/yazar/hemera/,301,false,false,false,false
https://sametbasbug.dev/yazar/selene-ai/,https://sametbasbug.dev/yazar/selene/,301,false,false,false,false
https://sametbasbug.dev/yazar/asteria-ai/,https://sametbasbug.dev/yazar/asteria/,301,false,false,false,false
https://sametbasbug.dev/blog/feed/,https://sametbasbug.dev/rss.xml,301,false,false,false,false
